codigo,nombre_estudiante,correo,usado,fecha_uso
EMA-2026-001,,,0,
EMA-2026-002,,,0,
EMA-2026-003,,,0,
EMA-2026-004,,,0,
EMA-2026-005,,,0,
EMA-2026-006,,,0,
EMA-2026-007,,,0,
EMA-2026-008,,,0,
EMA-2026-009,,,0,
EMA-2026-010,,,0,
EMA-AAK1276-LFL,,,0,
EMA-ABB5859-NLB,,,0,
EMA-ABZ3581-NZH,,,0,
EMA-ABZ5617-0GL,,,0,
EMA-ACH8919-EDM,,,0,
EMA-ACW6640-7OH,,,0,
EMA-ADA0336-9ZQ,,,0,
EMA-ADJ1720-P78,,,0,
EMA-ADW5375-6YE,,,0,
EMA-AEV2668-GUA,,,0,
EMA-AFX9579-21Y,,,0,
EMA-AGF6839-EM1,,,0,
EMA-AGG5918-KX3,,,0,
EMA-AHA7498-68X,,,0,
EMA-AHM0879-5A2,,,0,
EMA-AHO2804-EGN,,,0,
EMA-AIG9827-VNI,,,0,
EMA-AIW6865-UBR,,,0,
EMA-AKE7412-27Q,,,0,
EMA-AKV5074-3L4,,,0,
EMA-AKW2731-J46,,,0,
EMA-ALW8003-5U1,,,0,
EMA-ALX1541-PGR,,,0,
EMA-AMA8352-1KD,,,0,
EMA-AMT3032-QFY,,,0,
EMA-AMV7256-EUP,,,0,
EMA-ANY0924-WPC,,,0,
EMA-APG5010-WQ5,,,0,
EMA-APN3434-AJ5,,,0,
EMA-AQN3950-H2H,,,0,
EMA-AQR9402-VK7,,,0,
EMA-ARN4713-VJC,,,0,
EMA-ART2755-7TB,,,0,
EMA-ATH5505-JFW,,,0,
EMA-ATS2996-K7H,,,0,
EMA-AVC7799-26Z,,,0,
EMA-AWV6221-7J7,,,0,
EMA-AXD8623-O2G,,,0,
EMA-AXN9018-UAP,,,0,
EMA-AYO8160-MH7,,,0,
EMA-AYW5794-H19,,,0,
EMA-AZE1439-FG8,,,0,
EMA-BAD9341-MU7,,,0,
EMA-BBA2331-83P,,,0,
EMA-BBE0054-29H,,,0,
EMA-BCC8395-UJM,,,0,
EMA-BCF4829-5M6,,,0,
EMA-BCF5881-BPQ,,,0,
EMA-BCP9451-SDN,,,0,
EMA-BCY4650-SO0,,,0,
EMA-BDV7337-CHC,,,0,
EMA-BER1451-KBX,,,0,
EMA-BET9955-TRP,,,0,
EMA-BFD7319-YJ8,,,0,
EMA-BFS2510-QCE,,,0,
EMA-BGO7919-QDA,,,0,
EMA-BIQ7631-1UH,,,0,
EMA-BIT7480-FD9,,,0,
EMA-BJK6357-U0R,,,0,
EMA-BLR7549-7Y9,,,0,
EMA-BME2870-MTD,,,0,
EMA-BMT1212-NHH,,,0,
EMA-BMU3122-M2N,,,0,
EMA-BNO5399-GZF,,,0,
EMA-BNT3634-ARU,,,0,
EMA-BNY8000-NG6,,,0,
EMA-BOA6995-LBB,,,0,
EMA-BPK3204-CYV,,,0,
EMA-BPT3176-76J,,,0,
EMA-BQC3799-X7C,,,0,
EMA-BQW0753-MYY,,,0,
EMA-BRL9254-YBP,,,0,
EMA-BRN3365-JK4,,,0,
EMA-BRY0003-R0T,,,0,
EMA-BSY5622-5HX,,,0,
EMA-BUF4024-R7A,,,0,
EMA-BUO8156-YF5,,,0,
EMA-BVN3490-LC7,,,0,
EMA-BXK7892-T1T,,,0,
EMA-BXO8164-JNP,,,0,
EMA-BXQ1195-V30,,,0,
EMA-BYZ8405-QV7,,,0,
EMA-BZH3497-629,,,0,
EMA-CAR2955-MZ4,,,0,
EMA-CAT2157-SZZ,,,0,
EMA-CBN2501-SS6,,,0,
EMA-CBP1021-DEN,,,0,
EMA-CBY0346-NZ3,,,0,
EMA-CDF5951-WZE,,,0,
EMA-CDU5461-ABC,,,0,
EMA-CEF4433-YAV,,,0,
EMA-CFP4582-U58,,,0,
EMA-CGR1225-VEG,,,0,
EMA-CHT7410-Z9J,,,0,
EMA-CIK9443-QZU,,,0,
EMA-CIT1050-4E6,,,0,
EMA-CJA0329-36E,,,0,
EMA-CJP6715-2WM,,,0,
EMA-CJR7316-OQK,,,0,
EMA-CJZ4723-SD3,,,0,
EMA-CKE7444-NP5,,,0,
EMA-CNC0809-X0C,,,0,
EMA-CNZ9250-FPG,,,0,
EMA-COB1617-XLY,,,0,
EMA-COC9438-FYO,,,0,
EMA-CPP9221-CJ0,,,0,
EMA-CTK6215-WGT,,,0,
EMA-CTT6721-LQX,,,0,
EMA-CVM2280-HHV,,,0,
EMA-CVN2961-92S,,,0,
EMA-CVQ8140-16O,,,0,
EMA-CVX5746-Z4U,,,0,
EMA-CWX4621-AGI,,,0,
EMA-CXR4892-OKW,,,0,
EMA-CYG7389-HFJ,,,0,
EMA-CYT3056-FBO,,,0,
EMA-CZP5431-5YA,,,0,
EMA-DAS2119-E2I,,,0,
EMA-DBO3560-88J,,,0,
EMA-DCI7154-103,,,0,
EMA-DFG8135-3J9,,,0,
EMA-DGG5613-OKB,,,0,
EMA-DGP2540-M7U,,,0,
EMA-DGP6093-WSI,,,0,
EMA-DIC0608-BAX,,,0,
EMA-DII7171-407,,,0,
EMA-DKR3447-FPR,,,0,
EMA-DMS7789-BHY,,,0,
EMA-DMU6583-9UF,,,0,
EMA-DNT3057-Q6Y,,,0,
EMA-DOC1771-C4F,,,0,
EMA-DOI9358-QJM,,,0,
EMA-DOW8937-G8K,,,0,
EMA-DPI3936-DAR,,,0,
EMA-DRD5996-FUO,,,0,
EMA-DTG2508-3ZP,,,0,
EMA-DUT2692-HU5,,,0,
EMA-DVM5976-FSE,,,0,
EMA-DVM6875-ENU,,,0,
EMA-DVP5688-OS8,,,0,
EMA-DWL3200-MOY,,,0,
EMA-DWN6891-P3O,,,0,
EMA-DXX4204-AF2,,,0,
EMA-DXZ0906-VI7,,,0,
EMA-DYB0044-6V6,,,0,
EMA-DYV8775-3M7,,,0,
EMA-DZE6990-RHA,,,0,
EMA-DZW0669-RAK,,,0,
EMA-DZZ0646-ABA,,,0,
EMA-EAX0550-E8F,,,0,
EMA-EBC6125-OEP,,,0,
EMA-EBV8838-TZC,,,0,
EMA-ECY6985-Z0D,,,0,
EMA-EDC1296-QUU,,,0,
EMA-EDD0855-FJY,,,0,
EMA-EDD4798-NFH,,,0,
EMA-EDF3681-UMR,,,0,
EMA-EDR1104-B7S,,,0,
EMA-EEA4530-ENF,,,0,
EMA-EEK7711-Q11,,,0,
EMA-EFM4256-5AM,,,0,
EMA-EGK4572-OM2,,,0,
EMA-EGQ0092-5D5,,,0,
EMA-EHF1203-AZK,,,0,
EMA-EHT0212-ENK,,,0,
EMA-EHV8760-CJU,,,0,
EMA-EJU9275-B0S,,,0,
EMA-EJY0673-5WY,,,0,
EMA-EKK5685-DRZ,,,0,
EMA-EKL2055-77Q,,,0,
EMA-EKQ2334-MRI,,,0,
EMA-ELF5126-28Z,,,0,
EMA-EOJ5188-OP3,,,0,
EMA-EQA4486-X27,,,0,
EMA-EQT9270-MWP,,,0,
EMA-ESI3398-LZG,,,0,
EMA-EUF6817-CDS,,,0,
EMA-EVC6255-3P2,,,0,
EMA-EVT1961-IH9,,,0,
EMA-EXH1463-24K,,,0,
EMA-EXH7650-5QV,,,0,
EMA-EXI8753-FUI,,,0,
EMA-EXY4485-AM8,,,0,
EMA-EYJ8145-UCO,,,0,
EMA-EZY6912-B9O,,,0,
EMA-FBF6559-NQY,,,0,
EMA-FBV5267-YDO,,,0,
EMA-FCF1756-B41,,,0,
EMA-FCN1123-V8M,,,0,
EMA-FDF3742-35U,,,0,
EMA-FDW0545-HG2,,,0,
EMA-FDY3289-WVM,,,0,
EMA-FGH0169-9D4,,,0,
EMA-FHK0975-8I9,,,0,
EMA-FHR7908-OGP,,,0,
EMA-FHT9216-GST,,,0,
EMA-FIB6068-KBU,,,0,
EMA-FIV0426-KK3,,,0,
EMA-FJJ7869-THM,,,0,
EMA-FKA9940-KFC,,,0,
EMA-FLO1847-12D,,,0,
EMA-FNE1519-KN2,,,0,
EMA-FNI1610-RQS,,,0,
EMA-FOK5840-MP6,,,0,
EMA-FOQ8446-UFM,,,0,
EMA-FOU0388-BQX,,,0,
EMA-FOW6798-M31,,,0,
EMA-FPI8701-CEB,,,0,
EMA-FPM6663-M1R,,,0,
EMA-FPO1417-5KI,,,0,
EMA-FPQ8155-32F,,,0,
EMA-FSB4646-K83,,,0,
EMA-FSE6815-EUU,,,0,
EMA-FSH8235-L15,,,0,
EMA-FUP9404-QVA,,,0,
EMA-FVI8486-WPN,,,0,
EMA-FWF9660-OBQ,,,0,
EMA-FXD7543-UEW,,,0,
EMA-FXP0229-3H5,,,0,
EMA-FXY8633-DIE,,,0,
EMA-FYB6563-XF3,,,0,
EMA-FYH5445-9VJ,,,0,
EMA-FYN7116-30W,,,0,
EMA-FYN9128-O2A,,,0,
EMA-GAH1328-WU1,,,0,
EMA-GAZ3847-ZOF,,,0,
EMA-GBS5514-B87,,,0,
EMA-GCV1297-PRJ,,,0,
EMA-GDI2084-Q5X,,,0,
EMA-GDV3767-UHS,,,0,
EMA-GEJ8572-Q0C,,,0,
EMA-GGN2481-R30,,,0,
EMA-GGS9536-49F,,,0,
EMA-GHL9583-INF,,,0,
EMA-GHN8862-OXX,,,0,
EMA-GHY3449-RBO,,,0,
EMA-GIA2213-5SU,,,0,
EMA-GIL2354-BJ3,,,0,
EMA-GJB7692-4H2,,,0,
EMA-GKH9055-21S,,,0,
EMA-GLS1095-59I,,,0,
EMA-GMO3369-OKW,,,0,
EMA-GOE8351-VR9,,,0,
EMA-GPO2761-KH2,,,0,
EMA-GQB5775-9P0,,,0,
EMA-GQR3482-MMW,,,0,
EMA-GQZ0731-EXE,,,0,
EMA-GRL5325-DY0,,,0,
EMA-GRN2219-WHK,,,0,
EMA-GUG2798-6Y8,,,0,
EMA-GUY6551-QS2,,,0,
EMA-GUZ6674-X9F,,,0,
EMA-GVN0463-8OF,,,0,
EMA-GWM2882-9O9,,,0,
EMA-GXM6798-SS5,,,0,
EMA-GXZ8264-QIJ,,,0,
EMA-GZN4187-UQY,,,0,
EMA-HAC6573-EJ5,,,0,
EMA-HBE1609-HF0,,,0,
EMA-HCD0031-8OJ,,,0,
EMA-HCG8083-SY0,,,0,
EMA-HCK1941-XF0,,,0,
EMA-HCM7066-6MJ,,,0,
EMA-HEI5610-5Q0,,,0,
EMA-HIG4475-FZB,,,0,
EMA-HII2116-NOE,,,0,
EMA-HJO2269-RIN,,,0,
EMA-HKS6346-CCC,,,0,
EMA-HLG8421-BGS,,,0,
EMA-HMK3519-59X,,,0,
EMA-HMR1705-WWE,,,0,
EMA-HMX5512-2U6,,,0,
EMA-HQC2107-4M2,,,0,
EMA-HQX8474-EC2,,,0,
EMA-HRA5847-NCH,,,0,
EMA-HRB0781-RQH,,,0,
EMA-HTB0120-UIO,,,0,
EMA-HTE0123-PZR,,,0,
EMA-HUD5092-3FF,,,0,
EMA-HVK4974-HMG,,,0,
EMA-HVS5313-DMC,,,0,
EMA-HVV5944-72N,,,0,
EMA-HXG0164-3BC,,,0,
EMA-HYA4885-IYG,,,0,
EMA-HYF2676-P03,,,0,
EMA-HYO0462-S0R,,,0,
EMA-HYZ7241-FJA,,,0,
EMA-IAB9432-3X8,,,0,
EMA-IBL7148-ZY6,,,0,
EMA-IBN8718-JWA,,,0,
EMA-IBT6251-LCK,,,0,
EMA-IBX3250-ALT,,,0,
EMA-ICC1919-MBI,,,0,
EMA-ICH7588-1Z2,,,0,
EMA-ICM7764-E9O,,,0,
EMA-IEN7254-MYK,,,0,
EMA-IEY4037-RJ9,,,0,
EMA-IFP4145-PDG,,,0,
EMA-IFW2780-VSH,,,0,
EMA-IHV3784-F04,,,0,
EMA-IIT9992-X0F,,,0,
EMA-IIV5828-67P,,,0,
EMA-IJB6972-OWF,,,0,
EMA-IJK7511-E0A,,,0,
EMA-ILE5286-23M,,,0,
EMA-INB0936-GLM,,,0,
EMA-INF6711-0V6,,,0,
EMA-INY8802-52F,,,0,
EMA-IOH1763-E2B,,,0,
EMA-IOT4633-MQ1,,,0,
EMA-IQJ3775-AOJ,,,0,
EMA-IQX7526-470,,,0,
EMA-IUG5534-W8I,,,0,
EMA-IUK1546-VQV,,,0,
EMA-IUK3621-ERC,,,0,
EMA-IUU7601-BAY,,,0,
EMA-IUZ5920-RXD,,,0,
EMA-IVQ5103-S0N,,,0,
EMA-IWH7847-Y6P,,,0,
EMA-IWO2394-O4A,,,0,
EMA-IXC9734-S8S,,,0,
EMA-IXH0925-K1H,,,0,
EMA-IXO9952-50G,,,0,
EMA-IXT1594-OMN,,,0,
EMA-IZM4569-WEH,,,0,
EMA-IZS3762-NNN,,,0,
EMA-JAN3573-MH9,,,0,
EMA-JBI4183-T93,,,0,
EMA-JBL6745-092,,,0,
EMA-JBP1694-ORM,,,0,
EMA-JCY5414-OR8,,,0,
EMA-JDE6462-M5U,,,0,
EMA-JEE3662-H0T,,,0,
EMA-JFC4678-9XR,,,0,
EMA-JFG0855-TVF,,,0,
EMA-JFK5075-H36,,,0,
EMA-JFT7177-W2U,,,0,
EMA-JGE5705-JLJ,,,0,
EMA-JGX8778-YZC,,,0,
EMA-JIT0982-6I4,,,0,
EMA-JIT3965-5WH,,,0,
EMA-JLG8129-GB1,,,0,
EMA-JLT4962-37B,,,0,
EMA-JLW8392-89X,,,0,
EMA-JMQ6465-WD1,,,0,
EMA-JMV6841-75X,,,0,
EMA-JOE4989-FAJ,,,0,
EMA-JOM1985-J75,,,0,
EMA-JOS1699-VIH,,,0,
EMA-JOY5352-I6C,,,0,
EMA-JPH7996-QJO,,,0,
EMA-JPV9646-D12,,,0,
EMA-JPY0314-D73,,,0,
EMA-JQC8848-0AW,,,0,
EMA-JRH3902-FH8,,,0,
EMA-JRZ8052-OL1,,,0,
EMA-JSD8362-6PL,,,0,
EMA-JSK2348-9WS,,,0,
EMA-JTK6457-YKW,,,0,
EMA-JTM2563-GMV,,,0,
EMA-JTT3298-XKC,,,0,
EMA-JVB5704-4U1,,,0,
EMA-JVD8534-LQ1,,,0,
EMA-JWK9890-RH0,,,0,
EMA-JWY3213-WWU,,,0,
EMA-JXI0121-DHE,,,0,
EMA-JXY5155-E7Z,,,0,
EMA-JYG4828-35G,,,0,
EMA-JYP2264-AAB,,,0,
EMA-JYS1879-WMV,,,0,
EMA-JZG9808-ERT,,,0,
EMA-JZL2499-SCM,,,0,
EMA-JZW5868-XD7,,,0,
EMA-KAZ1204-0G2,,,0,
EMA-KBB5320-8VV,,,0,
EMA-KBT5154-ROH,,,0,
EMA-KCF3968-6Q2,,,0,
EMA-KDQ8816-DTL,,,0,
EMA-KDY7498-2H5,,,0,
EMA-KEV6790-VH4,,,0,
EMA-KFD2850-Q3R,,,0,
EMA-KFU7860-U2K,,,0,
EMA-KGS1902-HQ9,,,0,
EMA-KGW4753-MU4,,,0,
EMA-KHR7434-DGL,,,0,
EMA-KIC3309-V80,,,0,
EMA-KIS9092-DIE,,,0,
EMA-KKL1959-0Q3,,,0,
EMA-KKP3449-YBA,,,0,
EMA-KKS9046-SL8,,,0,
EMA-KLD8708-F9A,,,0,
EMA-KLS6819-8YV,,,0,
EMA-KMT4951-QRO,,,0,
EMA-KMW0112-ROT,,,0,
EMA-KNR3320-1XQ,,,0,
EMA-KOG4103-LFI,,,0,
EMA-KOH4553-2BP,,,0,
EMA-KOV9943-0T9,,,0,
EMA-KPN2516-41B,,,0,
EMA-KPW7043-HSQ,,,0,
EMA-KPY1940-3MS,,,0,
EMA-KQJ9485-LQW,,,0,
EMA-KQZ1578-6HA,,,0,
EMA-KRM6723-A8C,,,0,
EMA-KRY0305-UV1,,,0,
EMA-KSB7731-8UN,,,0,
EMA-KSH2020-DLS,,,0,
EMA-KSR5999-9XG,,,0,
EMA-KSU1920-36A,,,0,
EMA-KTK4279-5LN,,,0,
EMA-KTN5561-PAX,,,0,
EMA-KUM3222-GII,,,0,
EMA-KUS6362-YPY,,,0,
EMA-KVL4283-2GP,,,0,
EMA-KXU9194-11H,,,0,
EMA-KZN9415-PZI,,,0,
EMA-LAH1011-BDO,,,0,
EMA-LAK0720-B3O,,,0,
EMA-LAL5014-FVG,,,0,
EMA-LBM5218-ZTZ,,,0,
EMA-LBQ7274-939,,,0,
EMA-LBZ4778-A1C,,,0,
EMA-LCV8030-ALV,,,0,
EMA-LDQ4313-XY0,,,0,
EMA-LDR4750-4U1,,,0,
EMA-LEX8641-F8O,,,0,
EMA-LFN0959-JT3,,,0,
EMA-LFU7118-9NK,,,0,
EMA-LHK5058-X9N,,,0,
EMA-LHM0257-6CM,,,0,
EMA-LHW3716-417,,,0,
EMA-LJC4946-4UR,,,0,
EMA-LKC1563-CGT,,,0,
EMA-LKJ4682-05Z,,,0,
EMA-LKY9828-6VN,,,0,
EMA-LLF4641-TVE,,,0,
EMA-LLG5042-I4H,,,0,
EMA-LLG9312-FL3,,,0,
EMA-LLL4594-92P,,,0,
EMA-LLP2799-GCS,,,0,
EMA-LLQ9850-F1G,,,0,
EMA-LMC9457-MFU,,,0,
EMA-LNB7826-5GQ,,,0,
EMA-LNQ0850-0TC,,,0,
EMA-LNV3235-D6Z,,,0,
EMA-LOC2202-IPH,,,0,
EMA-LOK8949-ZW3,,,0,
EMA-LPM7808-W6U,,,0,
EMA-LQI0264-LQ7,,,0,
EMA-LQN9676-WU7,,,0,
EMA-LRA7907-MK2,,,0,
EMA-LRE8229-3QL,,,0,
EMA-LRZ0404-Q3V,,,0,
EMA-LSH8662-9I3,,,0,
EMA-LSI9364-13Q,,,0,
EMA-LSN6519-DPD,,,0,
EMA-LTU3496-OP9,,,0,
EMA-LVT4120-TDW,,,0,
EMA-LWF8567-YXD,,,0,
EMA-LWN9475-MY3,,,0,
EMA-LWS7169-0NY,,,0,
EMA-LXI9327-CQW,,,0,
EMA-LXO2407-2XB,,,0,
EMA-LYJ6604-WK2,,,0,
EMA-MAB4826-E63,,,0,
EMA-MAE6355-NH6,,,0,
EMA-MAJ5130-B1B,,,0,
EMA-MBX2934-0X7,,,0,
EMA-MCD7681-WBU,,,0,
EMA-MCD7720-6XS,,,0,
EMA-MDA8173-ZQD,,,0,
EMA-MDJ1311-KAE,,,0,
EMA-MED2470-BTW,,,0,
EMA-MEN9002-OVV,,,0,
EMA-MER7056-QUD,,,0,
EMA-MFR2760-ONH,,,0,
EMA-MGE9264-JR1,,,0,
EMA-MHF9651-XMT,,,0,
EMA-MJD9184-CA0,,,0,
EMA-MJK6570-KHV,,,0,
EMA-MJX0811-L2M,,,0,
EMA-MKL9639-K6F,,,0,
EMA-MLQ3945-DMC,,,0,
EMA-MLU4479-40W,,,0,
EMA-MMI2111-7PR,,,0,
EMA-MMO5383-56I,,,0,
EMA-MNO2093-0DD,,,0,
EMA-MOB1624-4XO,,,0,
EMA-MPJ5427-67C,,,0,
EMA-MPK7501-GCF,,,0,
EMA-MQK5481-5YI,,,0,
EMA-MQR1823-LOT,,,0,
EMA-MRZ6169-PN4,,,0,
EMA-MSW6941-LJR,,,0,
EMA-MTB1375-PNI,,,0,
EMA-MTO2009-OUW,,,0,
EMA-MTZ7332-OUC,,,0,
EMA-MWE9121-6L4,,,0,
EMA-MWI9466-H6Y,,,0,
EMA-MWL0875-YHP,,,0,
EMA-MXO1231-TPO,,,0,
EMA-MYE1901-0N6,,,0,
EMA-MYE5419-EY2,,,0,
EMA-MYR6313-1F8,,,0,
EMA-NAH8129-LB6,,,0,
EMA-NAM2642-O74,,,0,
EMA-NAX3593-6SC,,,0,
EMA-NBS9792-9D0,,,0,
EMA-NCS7172-DVV,,,0,
EMA-NCZ3568-9SQ,,,0,
EMA-NDA8179-YK4,,,0,
EMA-NDL4280-JR4,,,0,
EMA-NEM4506-4LW,,,0,
EMA-NFM3361-IGS,,,0,
EMA-NGU7063-MDN,,,0,
EMA-NHP4789-Y8F,,,0,
EMA-NHV0952-GQA,,,0,
EMA-NIY8587-5V7,,,0,
EMA-NJA3499-A64,,,0,
EMA-NLU6539-URW,,,0,
EMA-NLU6774-23K,,,0,
EMA-NMK4257-QGG,,,0,
EMA-NMZ8960-1XQ,,,0,
EMA-NNJ0717-CMZ,,,0,
EMA-NOP2378-GTU,,,0,
EMA-NQG9294-YR1,,,0,
EMA-NQX9963-CO5,,,0,
EMA-NQY4515-2JT,,,0,
EMA-NRJ3519-55O,,,0,
EMA-NRU5803-1CV,,,0,
EMA-NTC7881-9XC,,,0,
EMA-NUE7696-CMY,,,0,
EMA-NUG5406-G6F,,,0,
EMA-NVE1886-Z24,,,0,
EMA-NVW3966-T6I,,,0,
EMA-NWT8634-KH1,,,0,
EMA-NYF6679-6Y2,,,0,
EMA-NYQ5347-CF7,,,0,
EMA-NZC6454-CHM,,,0,
EMA-NZZ4106-AHN,,,0,
EMA-OAB5343-DKC,,,0,
EMA-OBE0969-GP9,,,0,
EMA-OBV0076-48V,,,0,
EMA-OBY1218-XIB,,,0,
EMA-OCM2651-7LC,,,0,
EMA-OCQ9795-XV8,,,0,
EMA-ODM4642-AHE,,,0,
EMA-ODO6456-YXX,,,0,
EMA-OEM6533-QBF,,,0,
EMA-OFV4365-8JE,,,0,
EMA-OHD2580-PNT,,,0,
EMA-OHV9355-E5Z,,,0,
EMA-OIR7160-IM3,,,0,
EMA-OIT6804-I3A,,,0,
EMA-OJF5439-FRV,,,0,
EMA-OKA1155-75F,,,0,
EMA-OKH1699-CDT,,,0,
EMA-OKH8566-NDC,,,0,
EMA-OKT3310-2I5,,,0,
EMA-OLF5999-0NF,,,0,
EMA-OLX6759-I1M,,,0,
EMA-OMK0081-R0Q,,,0,
EMA-OMU4126-CF1,,,0,
EMA-OMV9118-OO0,,,0,
EMA-ONV4412-3RV,,,0,
EMA-OPI2872-KWU,,,0,
EMA-OPP5381-R3O,,,0,
EMA-OQC8335-74A,,,0,
EMA-OQE1997-SAC,,,0,
EMA-ORB3527-KWA,,,0,
EMA-ORN5715-OK7,,,0,
EMA-ORN6190-8TO,,,0,
EMA-OSD0967-E8Y,,,0,
EMA-OSH0034-T8Q,,,0,
EMA-OSM2601-5TT,,,0,
EMA-OSX7298-G7F,,,0,
EMA-OSZ8924-U67,,,0,
EMA-OTD6550-Y3X,,,0,
EMA-OTV8528-106,,,0,
EMA-OTX4551-JMX,,,0,
EMA-OUY3571-PX9,,,0,
EMA-OVF4986-UDS,,,0,
EMA-OVH2312-B7H,,,0,
EMA-OWB7292-HLH,,,0,
EMA-OWD1434-J8O,,,0,
EMA-OWR4061-9CA,,,0,
EMA-OWV1431-NAE,,,0,
EMA-OXQ4641-2PT,,,0,
EMA-OXQ8246-HM9,,,0,
EMA-OZI0041-WAA,,,0,
EMA-OZO4431-L1U,,,0,
EMA-PBD1590-INU,,,0,
EMA-PCH9773-UQM,,,0,
EMA-PCK1352-7NR,,,0,
EMA-PCK5255-XFI,,,0,
EMA-PDM9886-1CR,,,0,
EMA-PDU3658-V8W,,,0,
EMA-PEG1530-6X2,,,0,
EMA-PES4538-Q35,,,0,
EMA-PET2923-Z9Z,,,0,
EMA-PFQ7572-POY,,,0,
EMA-PGH9023-342,,,0,
EMA-PIM4336-H0B,,,0,
EMA-PIV7433-J3I,,,0,
EMA-PKF2524-XML,,,0,
EMA-PKO1619-RWA,,,0,
EMA-PKT4386-9US,,,0,
EMA-PKT5915-7Q1,,,0,
EMA-PNE3087-IU5,,,0,
EMA-PNN8388-G6C,,,0,
EMA-POY8289-JR0,,,0,
EMA-PPD4028-H5R,,,0,
EMA-PSH1571-3XF,,,0,
EMA-PSM3188-I96,,,0,
EMA-PUC8675-Y64,,,0,
EMA-PUS7603-LOM,,,0,
EMA-PUV8959-N83,,,0,
EMA-PVM1713-EDG,,,0,
EMA-PVV8629-LWG,,,0,
EMA-PWC0634-IOV,,,0,
EMA-PWV2141-33G,,,0,
EMA-PYT4944-CAG,,,0,
EMA-PZG7054-ZM8,,,0,
EMA-PZP6487-VCA,,,0,
EMA-PZQ4838-6L9,,,0,
EMA-PZW0104-YSJ,,,0,
EMA-QAG1220-UT0,,,0,
EMA-QBG6934-15N,,,0,
EMA-QCM3043-D4A,,,0,
EMA-QCW7191-SJY,,,0,
EMA-QCY4218-V4L,,,0,
EMA-QDB9493-WXG,,,0,
EMA-QFO3422-H36,,,0,
EMA-QFS9799-D32,,,0,
EMA-QIG9686-C3R,,,0,
EMA-QIK1801-U9Z,,,0,
EMA-QIT2937-87K,,,0,
EMA-QIT4628-ATF,,,0,
EMA-QIT9659-9D3,,,0,
EMA-QKQ6901-F6B,,,0,
EMA-QKU0526-CTU,,,0,
EMA-QKU8111-T3B,,,0,
EMA-QKX0861-L31,,,0,
EMA-QLE3908-WXZ,,,0,
EMA-QLH8573-R92,,,0,
EMA-QMP4892-0KO,,,0,
EMA-QMU5795-JQN,,,0,
EMA-QOD3993-D4I,,,0,
EMA-QPD5140-15X,,,0,
EMA-QPE2697-9NN,,,0,
EMA-QRM7939-W0Q,,,0,
EMA-QSJ9714-XM8,,,0,
EMA-QTL0259-2DX,,,0,
EMA-QUF0162-3WE,,,0,
EMA-QVR4233-G7I,,,0,
EMA-QVZ2398-S5Q,,,0,
EMA-QXK8072-3KC,,,0,
EMA-QYX5496-D8H,,,0,
EMA-QZJ6203-MY0,,,0,
EMA-RAK3494-55E,,,0,
EMA-RAY6766-AH1,,,0,
EMA-RCI1234-UDD,,,0,
EMA-RCL2108-3YC,,,0,
EMA-RDG2621-6IB,,,0,
EMA-RDK2572-D02,,,0,
EMA-REE6502-DK1,,,0,
EMA-RFQ8223-W50,,,0,
EMA-RFX7478-8AI,,,0,
EMA-RGP9742-EMQ,,,0,
EMA-RJS7977-S1X,,,0,
EMA-RJS9414-WD8,,,0,
EMA-RKD3007-Y57,,,0,
EMA-RKE7592-F1D,,,0,
EMA-RKG9076-YQU,,,0,
EMA-RLD0885-ETZ,,,0,
EMA-RLM5567-MOD,,,0,
EMA-RNT8162-2KV,,,0,
EMA-ROD7777-8KW,,,0,
EMA-ROF7062-ZMF,,,0,
EMA-ROR7860-QMO,,,0,
EMA-RQH7899-PM6,,,0,
EMA-RRR0904-N55,,,0,
EMA-RRR9107-31P,,,0,
EMA-RSO6743-XIS,,,0,
EMA-RTO0576-31U,,,0,
EMA-RTP3286-B7B,,,0,
EMA-RVU1572-MUB,,,0,
EMA-RXG4059-VZ7,,,0,
EMA-RYU1460-RCK,,,0,
EMA-RZD1156-05V,,,0,
EMA-RZG3532-HW4,,,0,
EMA-SAG0238-GH5,,,0,
EMA-SAK6044-A6P,,,0,
EMA-SAQ6278-K6P,,,0,
EMA-SBE3040-10E,,,0,
EMA-SBK1680-517,,,0,
EMA-SBK8408-S1P,,,0,
EMA-SBM1352-MGQ,,,0,
EMA-SCB8330-7D3,,,0,
EMA-SCN1169-H0T,,,0,
EMA-SCR9303-A2I,,,0,
EMA-SEC5926-8C6,,,0,
EMA-SEU6008-IV2,,,0,
EMA-SFG7398-IGP,,,0,
EMA-SGU3698-LUG,,,0,
EMA-SGX4236-ST7,,,0,
EMA-SGY4981-3RL,,,0,
EMA-SGY9834-DDG,,,0,
EMA-SHK5740-9QV,,,0,
EMA-SHV0900-FQH,,,0,
EMA-SIP0120-2M9,,,0,
EMA-SJT3238-H72,,,0,
EMA-SKS2591-BC2,,,0,
EMA-SLZ6712-68C,,,0,
EMA-SMN8024-GDW,,,0,
EMA-SMR7630-3FU,,,0,
EMA-SMV5151-7AH,,,0,
EMA-SMW1069-O60,,,0,
EMA-SNH3340-2WG,,,0,
EMA-SNY8940-OIB,,,0,
EMA-SOQ3838-5TQ,,,0,
EMA-SPA1442-JRE,,,0,
EMA-SPO9276-4HA,,,0,
EMA-SRP8038-ZEB,,,0,
EMA-SUB6616-2S9,,,0,
EMA-SVB3388-I8A,,,0,
EMA-SVP6897-K89,,,0,
EMA-SWG6318-LT8,,,0,
EMA-SWR1758-FH4,,,0,
EMA-SWS2240-HR5,,,0,
EMA-SWV5379-L4V,,,0,
EMA-SWY4306-ZJA,,,0,
EMA-TDL2768-7JD,,,0,
EMA-TDY9979-QGP,,,0,
EMA-TED6276-TL4,,,0,
EMA-TEM9434-HL2,,,0,
EMA-TFM5932-CFF,,,0,
EMA-TGR7968-0OW,,,0,
EMA-TGY0884-RRI,,,0,
EMA-THU8593-JJA,,,0,
EMA-TIG0975-GPE,,,0,
EMA-TIM5834-W9A,,,0,
EMA-TJF1738-973,,,0,
EMA-TKO1097-4TK,,,0,
EMA-TLE7935-XTV,,,0,
EMA-TMB5171-MOS,,,0,
EMA-TNM7377-P4W,,,0,
EMA-TNR4285-SUB,,,0,
EMA-TOG1377-EL5,,,0,
EMA-TPE2329-FL4,,,0,
EMA-TQZ5883-PVZ,,,0,
EMA-TRO7150-K9H,,,0,
EMA-TRT6844-URB,,,0,
EMA-TRY6157-O91,,,0,
EMA-TSH3861-67J,,,0,
EMA-TUY3300-STS,,,0,
EMA-TWG7261-GO3,,,0,
EMA-TYI5255-GV2,,,0,
EMA-TYR2608-R5Q,,,0,
EMA-TYS3656-15G,,,0,
EMA-TZH5967-HZ8,,,0,
EMA-TZK3791-4Y2,,,0,
EMA-TZM0747-S42,,,0,
EMA-TZX4434-8NJ,,,0,
EMA-TZY3557-RDA,,,0,
EMA-UAC3837-LVU,,,0,
EMA-UAY5009-LWS,,,0,
EMA-UBJ4822-AMI,,,0,
EMA-UBO5384-RXT,,,0,
EMA-UCB5934-Q1X,,,0,
EMA-UCJ8433-RB8,,,0,
EMA-UCP8521-MCU,,,0,
EMA-UCV5937-6Q3,,,0,
EMA-UCV8614-JZ6,,,0,
EMA-UEJ4708-RE9,,,0,
EMA-UEV2802-FSF,,,0,
EMA-UGI6986-NZS,,,0,
EMA-UGN8451-29P,,,0,
EMA-UHZ6702-0QF,,,0,
EMA-UIU7150-1FV,,,0,
EMA-UJK1931-S89,,,0,
EMA-UJM5153-88P,,,0,
EMA-UJR7801-RW8,,,0,
EMA-UKK6471-KQT,,,0,
EMA-ULF0260-U59,,,0,
EMA-ULW5904-NEE,,,0,
EMA-UMT4319-WAN,,,0,
EMA-UMU2505-OGB,,,0,
EMA-UNP2362-S8H,,,0,
EMA-UNX0175-AZF,,,0,
EMA-UOK3317-EEU,,,0,
EMA-UOM7240-FK9,,,0,
EMA-UON0195-ISQ,,,0,
EMA-USN6589-PIU,,,0,
EMA-USO7571-TYL,,,0,
EMA-UTS2980-YT3,,,0,
EMA-UTW4864-8DS,,,0,
EMA-UUR1246-R3X,,,0,
EMA-UUV4164-BC4,,,0,
EMA-UVA9157-H7L,,,0,
EMA-UVP9820-19R,,,0,
EMA-UVU8271-9TZ,,,0,
EMA-UVX1845-FH8,,,0,
EMA-UWW1342-UQC,,,0,
EMA-UXE5464-SQB,,,0,
EMA-UXG5271-H3N,,,0,
EMA-UZJ7315-OLQ,,,0,
EMA-VAZ5346-QXC,,,0,
EMA-VBT1400-VL3,,,0,
EMA-VBV9601-RL6,,,0,
EMA-VCN9677-XFF,,,0,
EMA-VCU0295-SSK,,,0,
EMA-VCX6596-BUM,,,0,
EMA-VDK1244-DD4,,,0,
EMA-VED9013-NFY,,,0,
EMA-VEI5591-YTJ,,,0,
EMA-VFZ3829-HV8,,,0,
EMA-VGH7829-O7A,,,0,
EMA-VGY3025-BXQ,,,0,
EMA-VHD8894-S4Z,,,0,
EMA-VHH4479-M73,,,0,
EMA-VHK4729-ZQ4,,,0,
EMA-VHS0463-J97,,,0,
EMA-VHS7079-TQ2,,,0,
EMA-VHX0712-IJ4,,,0,
EMA-VHX7175-ES5,,,0,
EMA-VIY7410-ATW,,,0,
EMA-VMN3471-KXR,,,0,
EMA-VNP1114-O9J,,,0,
EMA-VOM2215-F3D,,,0,
EMA-VQL5786-MV3,,,0,
EMA-VQN6476-TAE,,,0,
EMA-VRX0621-Q8M,,,0,
EMA-VSC4598-ZR3,,,0,
EMA-VSH9137-XE4,,,0,
EMA-VSJ7891-DQQ,,,0,
EMA-VSM8282-VQE,,,0,
EMA-VSW9388-0YF,,,0,
EMA-VSX1224-ZH5,,,0,
EMA-VSX3906-QPD,,,0,
EMA-VUN2027-82E,,,0,
EMA-VVT0861-ZHO,,,0,
EMA-VWD5654-5XZ,,,0,
EMA-VWD7778-U5T,,,0,
EMA-VWZ7513-KHE,,,0,
EMA-VXF6874-66U,,,0,
EMA-VXJ6394-OED,,,0,
EMA-VXN3704-XW3,,,0,
EMA-VYG6724-S0E,,,0,
EMA-WBQ3139-NXM,,,0,
EMA-WCG6021-R6R,,,0,
EMA-WCO5698-6X8,,,0,
EMA-WED5508-PU7,,,0,
EMA-WEY0996-4WT,,,0,
EMA-WFL6948-YFU,,,0,
EMA-WGC8089-0E5,,,0,
EMA-WHL3422-EOY,,,0,
EMA-WHX4664-066,,,0,
EMA-WIO1177-HVF,,,0,
EMA-WIY3790-7Y7,,,0,
EMA-WKY4650-H5I,,,0,
EMA-WLE6516-32V,,,0,
EMA-WLH5919-GIB,,,0,
EMA-WLT5032-OL8,,,0,
EMA-WMF4075-LJY,,,0,
EMA-WNN0625-WMT,,,0,
EMA-WNV6494-OOX,,,0,
EMA-WOL3067-2FR,,,0,
EMA-WQB5400-RIV,,,0,
EMA-WQM7115-VZM,,,0,
EMA-WRA9499-SVI,,,0,
EMA-WRL8089-MU2,,,0,
EMA-WRM4166-YB0,,,0,
EMA-WRM4272-EKL,,,0,
EMA-WRR0409-QD9,,,0,
EMA-WTA9037-TJ4,,,0,
EMA-WTH6044-W5K,,,0,
EMA-WTS3416-DE5,,,0,
EMA-WVZ0172-8D6,,,0,
EMA-WXW0730-HXX,,,0,
EMA-WYB0234-4Q3,,,0,
EMA-WZD8566-CSO,,,0,
EMA-WZV8186-BDV,,,0,
EMA-WZY6767-7FS,,,0,
EMA-XAO6732-NOU,,,0,
EMA-XAY0780-DF2,,,0,
EMA-XBK0849-YMO,,,0,
EMA-XBQ5070-LOB,,,0,
EMA-XCH7925-13R,,,0,
EMA-XCK7208-AH2,,,0,
